timestamp,size_bytes,size_mb
2026-01-28T23:30:03.38032+05:30,8938056,8.52
2026-01-28T23:30:04.449947+05:30,9013188,8.60
2026-01-28T23:30:05.449825+05:30,9084632,8.66
2026-01-28T23:30:06.450053+05:30,9165802,8.74
2026-01-28T23:30:07.450565+05:30,9242056,8.81
2026-01-28T23:30:08.450511+05:30,9313755,8.88
2026-01-28T23:30:09.449655+05:30,9382590,8.95
2026-01-28T23:30:10.450468+05:30,9449734,9.01
2026-01-28T23:30:11.449482+05:30,9520256,9.08
2026-01-28T23:30:12.450441+05:30,9590833,9.15
2026-01-28T23:30:13.450696+05:30,9661410,9.21
2026-01-28T23:30:14.450519+05:30,9731626,9.28
2026-01-28T23:30:15.450135+05:30,9797644,9.34
2026-01-28T23:30:16.450476+05:30,9864894,9.41
2026-01-28T23:30:17.450159+05:30,9929174,9.47
2026-01-28T23:30:18.449791+05:30,9991814,9.53
2026-01-28T23:30:19.4496+05:30,10053328,9.59
2026-01-28T23:30:20.449713+05:30,10121292,9.65
2026-01-28T23:30:21.449708+05:30,10196369,9.72
2026-01-28T23:30:22.449554+05:30,10265510,9.79
2026-01-28T23:30:23.450148+05:30,10335726,9.86
2026-01-28T23:30:24.45066+05:30,10404714,9.92
2026-01-28T23:30:25.449487+05:30,10471654,9.99
2026-01-28T23:30:26.449995+05:30,10544432,10.06
2026-01-28T23:30:27.450484+05:30,10611270,10.12
2026-01-28T23:30:28.450219+05:30,10679238,10.18
2026-01-28T23:30:29.44955+05:30,10752322,10.25
2026-01-28T23:30:30.449404+05:30,10831648,10.33
2026-01-28T23:30:31.449537+05:30,10903759,10.40
2026-01-28T23:30:32.450202+05:30,10974077,10.47
2026-01-28T23:30:33.450191+05:30,11048283,10.54
2026-01-28T23:30:34.450063+05:30,11119982,10.60
2026-01-28T23:30:35.450303+05:30,11192450,10.67
2026-01-28T23:30:36.4499+05:30,11270599,10.75
2026-01-28T23:30:37.449581+05:30,11342247,10.82
2026-01-28T23:30:38.449978+05:30,11412000,10.88
2026-01-28T23:30:39.450286+05:30,11486363,10.95
2026-01-28T23:30:40.450585+05:30,11558780,11.02
2026-01-28T23:30:41.449359+05:30,11631146,11.09
2026-01-28T23:30:42.450232+05:30,11701005,11.16
2026-01-28T23:30:43.449346+05:30,11767996,11.22
2026-01-28T23:30:44.449514+05:30,11847887,11.30
2026-01-28T23:30:45.45041+05:30,11923066,11.37
2026-01-28T23:30:46.45031+05:30,11995840,11.44
2026-01-28T23:30:47.449459+05:30,12075578,11.52
2026-01-28T23:30:48.449812+05:30,12149886,11.59
2026-01-28T23:30:49.449775+05:30,12226344,11.66
2026-01-28T23:30:50.449554+05:30,12297478,11.73
2026-01-28T23:30:51.450372+05:30,12377726,11.80
2026-01-28T23:30:52.449796+05:30,12450857,11.87
2026-01-28T23:30:53.449305+05:30,12521277,11.94
2026-01-28T23:30:54.449312+05:30,12589292,12.01
2026-01-28T23:30:55.449551+05:30,12659814,12.07
2026-01-28T23:30:56.450068+05:30,12731615,12.14
2026-01-28T23:30:57.450235+05:30,12805672,12.21
2026-01-28T23:30:58.449417+05:30,12875735,12.28
2026-01-28T23:30:59.449431+05:30,12950251,12.35
2026-01-28T23:31:00.450068+05:30,13026764,12.42
2026-01-28T23:31:01.450081+05:30,13098004,12.49
2026-01-28T23:31:02.449229+05:30,13167706,12.56
2026-01-28T23:31:03.449252+05:30,13239966,12.63
2026-01-28T23:31:04.449762+05:30,13309668,12.69
2026-01-28T23:31:05.450004+05:30,13380904,12.76
2026-01-28T23:31:06.450233+05:30,13460026,12.84
2026-01-28T23:31:07.44964+05:30,13537100,12.91
2026-01-28T23:31:08.449389+05:30,13608442,12.98
2026-01-28T23:31:09.449867+05:30,13678760,13.05
2026-01-28T23:31:10.450039+05:30,13752303,13.12
2026-01-28T23:31:11.450119+05:30,13823951,13.18
2026-01-28T23:31:12.44984+05:30,13896572,13.25
2026-01-28T23:31:13.449222+05:30,13964740,13.32
2026-01-28T23:31:14.449947+05:30,14037463,13.39
2026-01-28T23:31:15.449938+05:30,14110033,13.46
2026-01-28T23:31:16.449423+05:30,14186185,13.53
2026-01-28T23:31:17.450216+05:30,14257986,13.60
2026-01-28T23:31:18.449673+05:30,14324824,13.66
2026-01-28T23:31:19.449683+05:30,14392019,13.73
2026-01-28T23:31:20.449239+05:30,14460238,13.79
2026-01-28T23:31:21.449426+05:30,14538438,13.86
2026-01-28T23:31:22.449561+05:30,14613566,13.94
2026-01-28T23:31:23.449506+05:30,14687517,14.01
2026-01-28T23:31:24.449707+05:30,14754610,14.07
2026-01-28T23:31:25.450106+05:30,14825183,14.14
2026-01-28T23:31:26.450137+05:30,14896525,14.21
2026-01-28T23:31:27.449755+05:30,14965101,14.27
2026-01-28T23:31:28.449975+05:30,15033936,14.34
2026-01-28T23:31:29.44976+05:30,15102767,14.40
2026-01-28T23:31:30.449802+05:30,15180147,14.48
2026-01-28T23:31:31.450063+05:30,15253839,14.55
2026-01-28T23:31:32.449691+05:30,15327535,14.62
2026-01-28T23:31:33.449786+05:30,15403483,14.69
2026-01-28T23:31:34.449163+05:30,15482142,14.76
2026-01-28T23:31:35.449244+05:30,15556862,14.84
2026-01-28T23:31:36.449257+05:30,15632300,14.91
2026-01-28T23:31:37.449531+05:30,15703948,14.98
2026-01-28T23:31:38.449611+05:30,15780716,15.05
2026-01-28T23:31:39.450047+05:30,15851340,15.12
2026-01-28T23:31:40.449256+05:30,15922117,15.18
2026-01-28T23:31:41.449625+05:30,15995558,15.25
2026-01-28T23:31:42.449293+05:30,16067924,15.32
2026-01-28T23:31:43.449931+05:30,16138803,15.39
2026-01-28T23:31:44.449668+05:30,16210808,15.46
2026-01-28T23:31:45.449577+05:30,16284402,15.53
2026-01-28T23:31:46.449841+05:30,16355999,15.60
2026-01-28T23:31:47.449303+05:30,16426419,15.67
2026-01-28T23:31:48.449187+05:30,16494383,15.73
2026-01-28T23:31:49.449611+05:30,16564140,15.80
2026-01-28T23:31:50.449545+05:30,16630464,15.86
2026-01-28T23:31:51.449467+05:30,16701139,15.93
2026-01-28T23:31:52.44997+05:30,16770072,15.99
2026-01-28T23:31:53.449233+05:30,16841516,16.06
2026-01-28T23:31:54.44996+05:30,16912242,16.13
2026-01-28T23:31:55.44963+05:30,16983329,16.20
2026-01-28T23:31:56.450369+05:30,17055848,16.27
2026-01-28T23:31:57.449174+05:30,17122478,16.33
2026-01-28T23:31:58.449318+05:30,17192129,16.40
2026-01-28T23:31:59.449208+05:30,17252976,16.45
2026-01-28T23:32:00.448862+05:30,17314184,16.51
2026-01-28T23:32:01.44973+05:30,17379131,16.57
2026-01-28T23:32:02.449301+05:30,17442336,16.63
2026-01-28T23:32:03.449904+05:30,17503952,16.69
2026-01-28T23:32:04.44969+05:30,17566286,16.75
2026-01-28T23:32:05.449694+05:30,17629644,16.81
2026-01-28T23:32:06.448957+05:30,17687266,16.87
2026-01-28T23:32:07.449138+05:30,17749753,16.93
2026-01-28T23:32:08.450189+05:30,17807379,16.98
2026-01-28T23:32:09.449675+05:30,17865872,17.04
2026-01-28T23:32:10.449832+05:30,17924416,17.09
2026-01-28T23:32:11.449187+05:30,17986648,17.15
2026-01-28T23:32:12.449019+05:30,18050724,17.21
2026-01-28T23:32:13.44905+05:30,18115106,17.28
2026-01-28T23:32:14.449565+05:30,18172371,17.33
2026-01-28T23:32:15.448997+05:30,18233222,17.39
2026-01-28T23:32:16.449524+05:30,18291919,17.44
2026-01-28T23:32:17.449667+05:30,18351899,17.50
2026-01-28T23:32:18.449602+05:30,18411518,17.56
2026-01-28T23:32:19.448966+05:30,18472110,17.62
2026-01-28T23:32:20.449126+05:30,18532910,17.67
2026-01-28T23:32:21.449794+05:30,18596268,17.73
2026-01-28T23:32:22.449192+05:30,18655224,17.79
2026-01-28T23:32:23.449207+05:30,18715561,17.85
2026-01-28T23:32:24.448774+05:30,18774207,17.90
2026-01-28T23:32:25.449058+05:30,18838232,17.97
2026-01-28T23:32:26.449517+05:30,18902461,18.03
2026-01-28T23:32:27.448903+05:30,18962594,18.08
2026-01-28T23:32:28.449528+05:30,19024979,18.14
2026-01-28T23:32:29.449591+05:30,19089157,18.20
2026-01-28T23:32:30.448917+05:30,19138183,18.25
2026-01-28T23:32:31.449529+05:30,19191972,18.30
2026-01-28T23:32:32.449493+05:30,19240386,18.35
2026-01-28T23:32:33.449173+05:30,19279278,18.39
2026-01-28T23:32:34.44918+05:30,19335880,18.44
2026-01-28T23:32:35.448577+05:30,19399238,18.50
2026-01-28T23:32:36.448997+05:30,19462698,18.56
2026-01-28T23:32:37.448717+05:30,19524981,18.62
2026-01-28T23:32:38.448985+05:30,19577075,18.67
2026-01-28T23:32:39.449502+05:30,19636847,18.73
2026-01-28T23:32:40.449118+05:30,19699028,18.79
2026-01-28T23:32:41.45032+05:30,19762488,18.85
2026-01-28T23:32:42.449507+05:30,19823798,18.91
2026-01-28T23:32:43.448721+05:30,19887976,18.97
2026-01-28T23:32:44.449282+05:30,19949592,19.03
2026-01-28T23:32:45.451647+05:30,20009725,19.08
2026-01-28T23:32:46.449458+05:30,20072161,19.14
2026-01-28T23:32:47.449665+05:30,20137414,19.20
2026-01-28T23:32:48.448722+05:30,20197598,19.26
2026-01-28T23:32:49.448472+05:30,20260854,19.32
2026-01-28T23:32:50.448695+05:30,20324518,19.38
2026-01-28T23:32:51.449397+05:30,20385059,19.44
2026-01-28T23:32:52.449168+05:30,20446420,19.50
2026-01-28T23:32:53.44882+05:30,20509370,19.56
2026-01-28T23:32:54.448697+05:30,20567455,19.61
2026-01-28T23:32:55.4486+05:30,20626972,19.67
2026-01-28T23:32:56.448663+05:30,20681628,19.72
2026-01-28T23:32:57.449346+05:30,20721493,19.76
2026-01-28T23:32:58.449127+05:30,20768114,19.81
2026-01-28T23:32:59.44901+05:30,20831268,19.87
2026-01-28T23:33:00.448623+05:30,20890224,19.92
2026-01-28T23:33:01.448526+05:30,20951279,19.98
2026-01-28T23:33:02.448558+05:30,21009058,20.04
2026-01-28T23:33:03.448976+05:30,21072263,20.10
2026-01-28T23:33:04.44879+05:30,21131882,20.15
2026-01-28T23:33:05.448842+05:30,21189712,20.21
2026-01-28T23:33:06.448874+05:30,21235258,20.25
2026-01-28T23:33:07.448796+05:30,21281726,20.30
2026-01-28T23:33:08.449366+05:30,21329677,20.34
2026-01-28T23:33:09.449125+05:30,21372614,20.38
2026-01-28T23:33:10.448425+05:30,21413554,20.42
2026-01-28T23:33:11.448472+05:30,21473330,20.48
2026-01-28T23:33:12.448772+05:30,21537202,20.54
2026-01-28T23:33:13.449188+05:30,21600458,20.60
2026-01-28T23:33:14.448398+05:30,21663098,20.66
2026-01-28T23:33:15.448412+05:30,21725228,20.72
2026-01-28T23:33:16.449378+05:30,21788280,20.78
2026-01-28T23:33:17.451643+05:30,21846722,20.83
2026-01-28T23:33:18.448479+05:30,21908185,20.89
2026-01-28T23:33:19.448506+05:30,21969032,20.95
2026-01-28T23:33:20.449383+05:30,22033312,21.01
2026-01-28T23:33:21.448538+05:30,22090730,21.07
2026-01-28T23:33:22.449404+05:30,22155061,21.13
2026-01-28T23:33:23.448393+05:30,22217344,21.19
2026-01-28T23:33:24.449231+05:30,22274762,21.24
2026-01-28T23:33:25.449532+05:30,22334024,21.30
2026-01-28T23:33:26.449022+05:30,22397280,21.36
2026-01-28T23:33:27.448771+05:30,22459716,21.42
2026-01-28T23:33:28.448308+05:30,22520002,21.48
2026-01-28T23:33:29.448418+05:30,22581516,21.54
2026-01-28T23:33:30.451178+05:30,22639342,21.59
2026-01-28T23:33:31.449229+05:30,22696301,21.64
2026-01-28T23:33:32.448808+05:30,22753362,21.70
2026-01-28T23:33:33.448277+05:30,22816414,21.76
2026-01-28T23:33:34.448875+05:30,22867488,21.81
2026-01-28T23:33:35.453902+05:30,22920096,21.86
2026-01-28T23:33:36.44854+05:30,22975674,21.91
2026-01-28T23:33:37.448532+05:30,23008528,21.94
2026-01-28T23:33:38.448795+05:30,23059194,21.99
2026-01-28T23:33:39.448616+05:30,23113238,22.04
2026-01-28T23:33:40.449162+05:30,23177263,22.10
2026-01-28T23:33:41.449711+05:30,23235960,22.16
2026-01-28T23:33:42.448247+05:30,23301111,22.22
2026-01-28T23:33:43.448821+05:30,23358784,22.28
2026-01-28T23:33:44.448398+05:30,23420196,22.34
2026-01-28T23:33:45.448949+05:30,23480482,22.39
2026-01-28T23:33:46.448356+05:30,23538924,22.45
2026-01-28T23:33:47.449057+05:30,23598955,22.51
2026-01-28T23:33:48.449214+05:30,23648954,22.55
2026-01-28T23:33:49.451382+05:30,23695575,22.60
2026-01-28T23:33:50.448192+05:30,23733906,22.63
2026-01-28T23:33:51.449085+05:30,23796546,22.69
2026-01-28T23:33:52.449158+05:30,23860571,22.76
2026-01-28T23:33:53.448781+05:30,23922034,22.81
2026-01-28T23:33:54.448303+05:30,23981296,22.87
2026-01-28T23:33:55.449142+05:30,24043018,22.93
2026-01-28T23:33:56.449144+05:30,24109346,22.99
2026-01-28T23:33:57.44838+05:30,24169734,23.05
2026-01-28T23:33:58.449096+05:30,24235548,23.11
2026-01-28T23:33:59.448289+05:30,24295630,23.17
2026-01-28T23:34:00.448417+05:30,24356838,23.23
2026-01-28T23:34:01.448344+05:30,24417893,23.29
2026-01-28T23:34:02.448849+05:30,24475464,23.34
2026-01-28T23:34:03.448631+05:30,24533188,23.40
2026-01-28T23:34:04.448425+05:30,24594396,23.46
2026-01-28T23:34:05.448972+05:30,24654631,23.51
2026-01-28T23:34:06.449132+05:30,24716710,23.57
2026-01-28T23:34:07.448448+05:30,24776125,23.63
2026-01-28T23:34:08.44881+05:30,24830934,23.68
2026-01-28T23:34:09.448431+05:30,24894292,23.74
2026-01-28T23:34:10.449229+05:30,24954633,23.80
2026-01-28T23:34:11.448791+05:30,24997978,23.84
2026-01-28T23:34:12.44865+05:30,25039020,23.88
2026-01-28T23:34:13.449096+05:30,25100534,23.94
2026-01-28T23:34:14.448451+05:30,25156928,23.99
2026-01-28T23:34:15.448765+05:30,25217112,24.05
2026-01-28T23:34:16.448151+05:30,25280984,24.11
2026-01-28T23:34:17.449448+05:30,25340964,24.17
2026-01-28T23:34:18.448201+05:30,25405346,24.23
2026-01-28T23:34:19.44872+05:30,25466860,24.29
2026-01-28T23:34:20.448956+05:30,25527299,24.34
2026-01-28T23:34:21.450731+05:30,25588044,24.40
2026-01-28T23:34:22.448448+05:30,25646690,24.46
2026-01-28T23:34:23.448286+05:30,25706721,24.52
2026-01-28T23:34:24.44831+05:30,25769004,24.58
2026-01-28T23:34:25.448618+05:30,25827548,24.63
2026-01-28T23:34:26.449067+05:30,25893005,24.69
2026-01-28T23:34:27.448863+05:30,25948889,24.75
2026-01-28T23:34:28.448803+05:30,25996534,24.79
2026-01-28T23:34:29.448901+05:30,26039828,24.83
2026-01-28T23:34:30.448298+05:30,26084762,24.88
2026-01-28T23:34:31.448963+05:30,26142949,24.93
2026-01-28T23:34:32.448809+05:30,26204310,24.99
2026-01-28T23:34:33.447936+05:30,26265055,25.05
2026-01-28T23:34:34.448936+05:30,26327338,25.11
2026-01-28T23:34:35.44826+05:30,26388495,25.17
2026-01-28T23:34:36.448289+05:30,26453081,25.23
2026-01-28T23:34:37.448559+05:30,26515980,25.29
2026-01-28T23:34:38.448282+05:30,26572680,25.34
2026-01-28T23:34:39.448769+05:30,26630612,25.40
2026-01-28T23:34:40.449457+05:30,26693868,25.46
2026-01-28T23:34:41.448922+05:30,26753334,25.51
2026-01-28T23:34:42.44883+05:30,26817359,25.58
2026-01-28T23:34:43.448748+05:30,26879999,25.63
2026-01-28T23:34:44.448154+05:30,26939312,25.69
2026-01-28T23:34:45.448455+05:30,27000112,25.75
2026-01-28T23:34:46.448717+05:30,27059939,25.81
2026-01-28T23:34:47.448219+05:30,27119660,25.86
2026-01-28T23:34:48.448788+05:30,27181841,25.92
2026-01-28T23:34:49.448033+05:30,27246070,25.98
2026-01-28T23:34:50.44814+05:30,27307431,26.04
2026-01-28T23:34:51.448616+05:30,27369200,26.10
2026-01-28T23:34:52.448881+05:30,27415107,26.15
2026-01-28T23:34:53.448884+05:30,27466436,26.19
2026-01-28T23:34:54.449718+05:30,27513108,26.24
2026-01-28T23:34:55.448477+05:30,27562648,26.29
2026-01-28T23:34:56.448174+05:30,27605228,26.33
2026-01-28T23:34:57.448249+05:30,27664698,26.38
2026-01-28T23:34:58.448844+05:30,27727134,26.44
2026-01-28T23:34:59.449305+05:30,27792744,26.51
2026-01-28T23:35:00.448799+05:30,27853183,26.56
2026-01-28T23:35:01.448059+05:30,27912598,26.62
2026-01-28T23:35:02.448814+05:30,27963774,26.67
2026-01-28T23:35:03.481094+05:30,28027132,26.73
